-- BEGIN DIRECTIONS
INSERT INTO master_data.direction (
    id,
    name,
    description,
    external_id,
    created_date,
    created_by_user_id,
    updated_date,
    updated_by_user_id
) VALUES (
    '5fa65cda-68fc-4fa4-b9a2-9819eb4329ec',
    'DEV',
    'Description for DEV direction',
    'external_DEV_dir_id',
    '2019-04-01 08:00:00+03',
    'b9ed2a13-de38-4df0-b70a-92c9baf32494',
    '2019-04-01 08:00:00+03',
    'b9ed2a13-de38-4df0-b70a-92c9baf32494'
);

INSERT INTO master_data.direction (
    id,
    name,
    description,
    external_id,
    created_date,
    created_by_user_id,
    updated_date,
    updated_by_user_id
) VALUES (
    'a52b7890-c5e4-4784-967b-f6a5d5e1d2bd',
    'BA',
    'Description for BA direction',
    'external_BA_dir_id',
    '2019-04-01 08:00:00+03',
    'b9ed2a13-de38-4df0-b70a-92c9baf32494',
    '2019-04-01 08:00:00+03',
    'b9ed2a13-de38-4df0-b70a-92c9baf32494'
);

INSERT INTO master_data.direction (
    id,
    name,
    description,
    external_id,
    created_date,
    created_by_user_id,
    updated_date,
    updated_by_user_id
) VALUES (
    '8437a907-dd9d-4fff-8492-55083bddb221',
    'QA',
    'Description for QA direction',
    'external_QA_dir_id',
    '2019-04-01 08:00:00+03',
    'b9ed2a13-de38-4df0-b70a-92c9baf32494',
    '2019-04-01 08:00:00+03',
    'b9ed2a13-de38-4df0-b70a-92c9baf32494'
);
-- END DIRECTIONS

-- BEGIN SUBDIRECTIONS
INSERT INTO master_data.subdirection (
    id,
    name,
    description,
    direction_id,
    external_id,
    created_date,
    created_by_user_id,
    updated_date,
    updated_by_user_id
) VALUES (
    '72709cec-049a-484b-aecb-724c924c0492',
    'BE',
    'Description for BE subdirection',
    '5fa65cda-68fc-4fa4-b9a2-9819eb4329ec', 
    'external_BE_subdir_id',
    '2019-04-01 08:00:00+03',
    'b9ed2a13-de38-4df0-b70a-92c9baf32494',
    '2019-04-01 08:00:00+03',
    'b9ed2a13-de38-4df0-b70a-92c9baf32494'
);

INSERT INTO master_data.subdirection (
    id,
    name,
    description,
    direction_id,
    external_id,
    created_date,
    created_by_user_id,
    updated_date,
    updated_by_user_id
) VALUES (
    '7c4cf7a4-726a-44be-9154-089cd788a806',
    'FE',
    'Description for FE subdirection',
    '5fa65cda-68fc-4fa4-b9a2-9819eb4329ec', 
    'external_FE_subdir_id',
    '2019-04-01 08:00:00+03',
    'b9ed2a13-de38-4df0-b70a-92c9baf32494',
    '2019-04-01 08:00:00+03',
    'b9ed2a13-de38-4df0-b70a-92c9baf32494'
);

INSERT INTO master_data.subdirection (
    id,
    name,
    description,
    direction_id,
    external_id,
    created_date,
    created_by_user_id,
    updated_date,
    updated_by_user_id
) VALUES (
    'dabbaaed-9f1a-4943-921d-cce6727524d7',
    'FS',
    'Description for FS subdirection',
    '5fa65cda-68fc-4fa4-b9a2-9819eb4329ec', 
    'external_FS_subdir_id',
    '2019-04-01 08:00:00+03',
    'b9ed2a13-de38-4df0-b70a-92c9baf32494',
    '2019-04-01 08:00:00+03',
    'b9ed2a13-de38-4df0-b70a-92c9baf32494'
);
-- END SUBDIRECTIONS

-- BEGIN MENTORS
INSERT INTO master_data.mentor (
    id,
    first_name,
    last_name,
    email_address,
    phone_number,
    description,
    user_id,
    direction_id,
    acronym,
    dept_name,
    external_id,
    created_date,
    created_by_user_id,
    updated_date,
    updated_by_user_id
) VALUES (
    '514328c1-dd76-498d-b221-34fac9f0122a',
    'Александр',
    'Пушкин',
    'alpush@example.com',
    '+79992000001',
    'Александр Пушкин Description',
    '2134692f-a215-41c7-aff9-5755c83dbd5a',
    '5fa65cda-68fc-4fa4-b9a2-9819eb4329ec',
    'ALPU0115',
    'PUSHSEN Department',
    'ALPU0115_external_id',
    '2019-04-01 08:00:00+03',
    'b9ed2a13-de38-4df0-b70a-92c9baf32494',
    '2019-04-01 08:00:00+03',
    'b9ed2a13-de38-4df0-b70a-92c9baf32494'
);

INSERT INTO master_data.mentor (
    id,
    first_name,
    last_name,
    email_address,
    phone_number,
    description,
    user_id,
    direction_id,
    acronym,
    dept_name,
    external_id,
    created_date,
    created_by_user_id,
    updated_date,
    updated_by_user_id
) VALUES (
    'da02ca8d-6d6a-4b3b-91a1-cbfd09401d36',
    'Сергей',
    'Есенин',
    'seres@example.com',
    '+79992000002',
    'Сергей Есенин Description',
    'b7ccadd2-a6a3-405d-9c2f-78bca92237c7',
    '5fa65cda-68fc-4fa4-b9a2-9819eb4329ec',
    'SEES0215',
    'PUSHSEN Department',
    'SEES0215_external_id',
    '2019-04-01 08:00:00+03',
    'b9ed2a13-de38-4df0-b70a-92c9baf32494',
    '2019-04-01 08:00:00+03',
    'b9ed2a13-de38-4df0-b70a-92c9baf32494'
);

INSERT INTO master_data.mentor (
    id,
    first_name,
    last_name,
    email_address,
    phone_number,
    description,
    user_id,
    direction_id,
    acronym,
    dept_name,
    external_id,
    created_date,
    created_by_user_id,
    updated_date,
    updated_by_user_id
) VALUES (
    'cedb060c-51a2-484f-b6a1-7d454257d37d',
    'Михаил',
    'Лермонтов',
    'mikhler@example.com',
    '+79992000003',
    'Михаил Лермонтов Description',
    '989b5ac1-0681-4802-ab6c-84724b0717ba',
    '5fa65cda-68fc-4fa4-b9a2-9819eb4329ec',
    'MILE0315',
    'AKHLER Department',
    'MILE0315_external_id',
    '2019-04-01 08:00:00+03',
    'b9ed2a13-de38-4df0-b70a-92c9baf32494',
    '2019-04-01 08:00:00+03',
    'b9ed2a13-de38-4df0-b70a-92c9baf32494'
);

INSERT INTO master_data.mentor (
    id,
    first_name,
    last_name,
    email_address,
    phone_number,
    description,
    user_id,
    direction_id,
    acronym,
    dept_name,
    external_id,
    created_date,
    created_by_user_id,
    updated_date,
    updated_by_user_id
) VALUES (
    '3eb2f32e-d06d-45a9-880a-5745e8a54e92',
    'Анна',
    'Ахматова',
    'annaakh@example.com',
    '+79992000004',
    'Анна Ахматова Description',
    'd8950a90-7541-4636-af69-3b77954bff8c',
    '5fa65cda-68fc-4fa4-b9a2-9819eb4329ec',
    'ANAH0415',
    'AKHLER Department',
    'ANAH0415_external_id',
    '2019-04-01 08:00:00+03',
    'b9ed2a13-de38-4df0-b70a-92c9baf32494',
    '2019-04-01 08:00:00+03',
    'b9ed2a13-de38-4df0-b70a-92c9baf32494'
);

INSERT INTO master_data.mentor (
    id,
    first_name,
    last_name,
    email_address,
    phone_number,
    description,
    user_id,
    direction_id,
    acronym,
    dept_name,
    external_id,
    created_date,
    created_by_user_id,
    updated_date,
    updated_by_user_id
) VALUES (
    'fa46f0d3-ec09-40c8-8b2b-71934071eeeb',
    'Марина',
    'Цветаева',
    'mar.tsvetaeva@example.com',
    '+79992000005',
    'Марина Цветаева Description',
    'ba096876-fdc6-46c0-ba93-c42d9ef2e52c',
    'a52b7890-c5e4-4784-967b-f6a5d5e1d2bd',
    'MATSV0415',
    'MATSV Department',
    'MATSV0415_external_id',
    '2019-04-01 08:00:00+03',
    'b9ed2a13-de38-4df0-b70a-92c9baf32494',
    '2019-04-01 08:00:00+03',
    'b9ed2a13-de38-4df0-b70a-92c9baf32494'
);

INSERT INTO master_data.mentor (
    id,
    first_name,
    last_name,
    email_address,
    phone_number,
    description,
    user_id,
    direction_id,
    acronym,
    dept_name,
    external_id,
    created_date,
    created_by_user_id,
    updated_date,
    updated_by_user_id
) VALUES (
    'b32ea1ba-cb29-4e3c-b640-4a1c8bf0b4d7',
    'Фёдор',
    'Тютчев',
    'fed.tyutch@example.com',
    '+79992000006',
    'Фёдор Тютчев Description',
    'dbc9da03-d9b2-4b0c-aa41-6cf7ac488449',
    'a52b7890-c5e4-4784-967b-f6a5d5e1d2bd',
    'FETYU0515',
    'FETYU Department',
    'FETYU0515_external_id',
    '2019-04-01 08:00:00+03',
    'b9ed2a13-de38-4df0-b70a-92c9baf32494',
    '2019-04-01 08:00:00+03',
    'b9ed2a13-de38-4df0-b70a-92c9baf32494'
);

INSERT INTO master_data.mentor (
    id,
    first_name,
    last_name,
    email_address,
    phone_number,
    description,
    user_id,
    direction_id,
    acronym,
    dept_name,
    external_id,
    created_date,
    created_by_user_id,
    updated_date,
    updated_by_user_id
) VALUES (
    'be8ddc66-58b6-409e-ae35-fc1d80a456b4',
    'Иван',
    'Бунин',
    'ivan.bunin@example.com',
    '+79992000007',
    'Иван Бунин Description',
    'b7e728a7-ee15-407b-9996-05236fbb966e',
    '8437a907-dd9d-4fff-8492-55083bddb221',
    'IVBU0516',
    'IVBU Department',
    'IVBU0516_external_id',
    '2019-04-01 08:00:00+03',
    'b9ed2a13-de38-4df0-b70a-92c9baf32494',
    '2019-04-01 08:00:00+03',
    'b9ed2a13-de38-4df0-b70a-92c9baf32494'
);

INSERT INTO master_data.mentor (
    id,
    first_name,
    last_name,
    email_address,
    phone_number,
    description,
    user_id,
    direction_id,
    acronym,
    dept_name,
    external_id,
    created_date,
    created_by_user_id,
    updated_date,
    updated_by_user_id
) VALUES (
    '2aceddaf-9411-4aaa-a38a-df8c2804c793',
    'Валерий',
    'Брюсов',
    'valera.bryusov@example.com',
    '+79992000008',
    'Валерий Брюсов Description',
    'b7d213a1-e734-422a-b685-17232f6dc4c2',
    '8437a907-dd9d-4fff-8492-55083bddb221',
    'VABR0116',
    'VABR Department',
    'VABR0116_external_id',
    '2019-04-01 08:00:00+03',
    'b9ed2a13-de38-4df0-b70a-92c9baf32494',
    '2019-04-01 08:00:00+03',
    'b9ed2a13-de38-4df0-b70a-92c9baf32494'
);
-- END MENTORS

-- BEGIN STUDENTS
INSERT INTO master_data.student (
    id,
    first_name,
    last_name,
    email_address,
    phone_number,
    user_id,
    direction_id,
    subdirection_id,
    external_id,
    year_of_study,
    semester,
    tech_comment,
    hr_comment,
    interviewer_id,
    created_date,
    created_by_user_id,
    updated_date,
    updated_by_user_id
) VALUES (
    '97ee68a6-2993-49cd-926b-887911876457',
    'Михаил',
    'Ломоносов',
    'm.lomonosov@example.com',
    '+79215000001',
    '7cf6a989-4bf3-4000-9940-f1e5089c4967',
    '5fa65cda-68fc-4fa4-b9a2-9819eb4329ec',
    '72709cec-049a-484b-aecb-724c924c0492',
    'Student_DEV_BE_1_external_id',
    '4',
    '8',
    'Tech comment text',
    'HR comment text',
    '514328c1-dd76-498d-b221-34fac9f0122a',
    '2019-04-01 08:00:00+03',
    'b9ed2a13-de38-4df0-b70a-92c9baf32494',
    '2019-04-01 08:00:00+03',
    'b9ed2a13-de38-4df0-b70a-92c9baf32494'
);

INSERT INTO master_data.student (
    id,
    first_name,
    last_name,
    email_address,
    phone_number,
    user_id,
    direction_id,
    subdirection_id,
    external_id,
    year_of_study,
    semester,
    tech_comment,
    hr_comment,
    interviewer_id,
    created_date,
    created_by_user_id,
    updated_date,
    updated_by_user_id
) VALUES (
    '64c91cdc-3ee4-4817-bb94-cd3060fa2ccb',
    'Дмитрий',
    'Мережковский',
    'd.merejkovskiy@example.com',
    '+79215000002',
    'a6a0fcb4-7853-4bab-9548-f8f4122e3382',
    '5fa65cda-68fc-4fa4-b9a2-9819eb4329ec',
    '72709cec-049a-484b-aecb-724c924c0492',
    'Student_DEV_BE_2_external_id',
    '3',
    '6',
    'Tech comment text',
    'HR comment text',
    '514328c1-dd76-498d-b221-34fac9f0122a',
    '2019-04-01 08:00:00+03',
    'b9ed2a13-de38-4df0-b70a-92c9baf32494',
    '2019-04-01 08:00:00+03',
    'b9ed2a13-de38-4df0-b70a-92c9baf32494'
);

INSERT INTO master_data.student (
    id,
    first_name,
    last_name,
    email_address,
    phone_number,
    user_id,
    direction_id,
    subdirection_id,
    external_id,
    year_of_study,
    semester,
    tech_comment,
    hr_comment,
    interviewer_id,
    created_date,
    created_by_user_id,
    updated_date,
    updated_by_user_id
) VALUES (
    '8b7bce93-3d3b-45fe-b699-ea04d5c3afb3',
    'Василий',
    'Жуковский',
    'v.jukovskiy@example.com',
    '+79215000003',
    'c67212a3-af61-46ed-ae5a-368a9d762cb5',
    '5fa65cda-68fc-4fa4-b9a2-9819eb4329ec',
    '72709cec-049a-484b-aecb-724c924c0492',
    'Student_DEV_BE_3_external_id',
    '3',
    '6',
    'Tech comment text',
    'HR comment text',
    '514328c1-dd76-498d-b221-34fac9f0122a',
    '2019-04-01 08:00:00+03',
    'b9ed2a13-de38-4df0-b70a-92c9baf32494',
    '2019-04-01 08:00:00+03',
    'b9ed2a13-de38-4df0-b70a-92c9baf32494'
);

INSERT INTO master_data.student (
    id,
    first_name,
    last_name,
    email_address,
    phone_number,
    user_id,
    direction_id,
    subdirection_id,
    external_id,
    year_of_study,
    semester,
    tech_comment,
    hr_comment,
    interviewer_id,
    created_date,
    created_by_user_id,
    updated_date,
    updated_by_user_id
) VALUES (
    'aa4edfc6-68f0-4493-ba73-469cb3e3d94d',
    'Аполлон',
    'Майков',
    'a.maikov@example.com',
    '+79215000004',
    '0bd7f42a-06e2-4fb5-afc1-916bf98be512',
    '5fa65cda-68fc-4fa4-b9a2-9819eb4329ec',
    '72709cec-049a-484b-aecb-724c924c0492',
    'Student_DEV_BE_4_external_id',
    '2',
    '4',
    'Tech comment text',
    'HR comment text',
    '514328c1-dd76-498d-b221-34fac9f0122a',
    '2019-04-01 08:00:00+03',
    'b9ed2a13-de38-4df0-b70a-92c9baf32494',
    '2019-04-01 08:00:00+03',
    'b9ed2a13-de38-4df0-b70a-92c9baf32494'
);

INSERT INTO master_data.student (
    id,
    first_name,
    last_name,
    email_address,
    phone_number,
    user_id,
    direction_id,
    subdirection_id,
    external_id,
    year_of_study,
    semester,
    tech_comment,
    hr_comment,
    interviewer_id,
    created_date,
    created_by_user_id,
    updated_date,
    updated_by_user_id
) VALUES (
    '017f43df-22f4-4c22-a182-68c412942ff4',
    'Иннокентий',
    'Анненский',
    'i.annenskiy@example.com',
    '+79215000005',
    '1fde729d-14f8-4f51-a72a-d04154839ad2',
    '5fa65cda-68fc-4fa4-b9a2-9819eb4329ec',
    '72709cec-049a-484b-aecb-724c924c0492',
    'Student_DEV_BE_5_external_id',
    '3',
    '6',
    'Tech comment text',
    'HR comment text',
    '514328c1-dd76-498d-b221-34fac9f0122a',
    '2019-04-01 08:00:00+03',
    'b9ed2a13-de38-4df0-b70a-92c9baf32494',
    '2019-04-01 08:00:00+03',
    'b9ed2a13-de38-4df0-b70a-92c9baf32494'
);

INSERT INTO master_data.student (
    id,
    first_name,
    last_name,
    email_address,
    phone_number,
    user_id,
    direction_id,
    subdirection_id,
    external_id,
    year_of_study,
    semester,
    tech_comment,
    hr_comment,
    interviewer_id,
    created_date,
    created_by_user_id,
    updated_date,
    updated_by_user_id
) VALUES (
    'a31525db-be2f-4ef6-8739-a9dd923cb026',
    'Зинаида',
    'Гиппиус',
    'z.gippius@example.com',
    '+79215000006',
    '43636db3-92e4-4de9-972d-bd3f4200411d',
    '5fa65cda-68fc-4fa4-b9a2-9819eb4329ec',
    '72709cec-049a-484b-aecb-724c924c0492',
    'Student_DEV_BE_6_external_id',
    '4',
    '8',
    'Tech comment text',
    'HR comment text',
    '514328c1-dd76-498d-b221-34fac9f0122a',
    '2019-04-01 08:00:00+03',
    'b9ed2a13-de38-4df0-b70a-92c9baf32494',
    '2019-04-01 08:00:00+03',
    'b9ed2a13-de38-4df0-b70a-92c9baf32494'
);

INSERT INTO master_data.student (
    id,
    first_name,
    last_name,
    email_address,
    phone_number,
    user_id,
    direction_id,
    subdirection_id,
    external_id,
    year_of_study,
    semester,
    tech_comment,
    hr_comment,
    interviewer_id,
    created_date,
    created_by_user_id,
    updated_date,
    updated_by_user_id
) VALUES (
    'd549eff2-9a89-4385-9129-5785393f7b3a',
    'Иван',
    'Тургенев',
    'i.turgenev@example.com',
    '+79215000007',
    'b2503250-94f7-4050-955c-bea7bbe4a038',
    '5fa65cda-68fc-4fa4-b9a2-9819eb4329ec',
    '72709cec-049a-484b-aecb-724c924c0492',
    'Student_DEV_BE_7_external_id',
    '5',
    '10',
    'Tech comment text',
    'HR comment text',
    '514328c1-dd76-498d-b221-34fac9f0122a',
    '2019-04-01 08:00:00+03',
    'b9ed2a13-de38-4df0-b70a-92c9baf32494',
    '2019-04-01 08:00:00+03',
    'b9ed2a13-de38-4df0-b70a-92c9baf32494'
);

INSERT INTO master_data.student (
    id,
    first_name,
    last_name,
    email_address,
    phone_number,
    user_id,
    direction_id,
    subdirection_id,
    external_id,
    year_of_study,
    semester,
    tech_comment,
    hr_comment,
    interviewer_id,
    created_date,
    created_by_user_id,
    updated_date,
    updated_by_user_id
) VALUES (
    '5ee5b006-d894-47b2-b48d-fb403cc2f57f',
    'Алексей',
    'Апухтин',
    'a.apukhtin@example.com',
    '+79215000008',
    'fba96f9f-8c60-4e8a-8651-f16fb10a2eb2',
    '5fa65cda-68fc-4fa4-b9a2-9819eb4329ec',
    '72709cec-049a-484b-aecb-724c924c0492',
    'Student_DEV_BE_8_external_id',
    '6',
    '12',
    'Tech comment text',
    'HR comment text',
    '514328c1-dd76-498d-b221-34fac9f0122a',
    '2019-04-01 08:00:00+03',
    'b9ed2a13-de38-4df0-b70a-92c9baf32494',
    '2019-04-01 08:00:00+03',
    'b9ed2a13-de38-4df0-b70a-92c9baf32494'
);

INSERT INTO master_data.student (
    id,
    first_name,
    last_name,
    email_address,
    phone_number,
    user_id,
    direction_id,
    subdirection_id,
    external_id,
    year_of_study,
    semester,
    tech_comment,
    hr_comment,
    interviewer_id,
    created_date,
    created_by_user_id,
    updated_date,
    updated_by_user_id
) VALUES (
    '9a0e2762-1e56-486d-be1d-445b5a4cc130',
    'Николай',
    'Карамзин',
    'n.karamzin@example.com',
    '+79215000009',
    'e90b1922-7010-4166-844d-ff2d5b1f14fd',
    '5fa65cda-68fc-4fa4-b9a2-9819eb4329ec',
    '72709cec-049a-484b-aecb-724c924c0492',
    'Student_DEV_BE_9_external_id',
    '1',
    '2',
    'Tech comment text',
    'HR comment text',
    '514328c1-dd76-498d-b221-34fac9f0122a',
    '2019-04-01 08:00:00+03',
    'b9ed2a13-de38-4df0-b70a-92c9baf32494',
    '2019-04-01 08:00:00+03',
    'b9ed2a13-de38-4df0-b70a-92c9baf32494'
);

INSERT INTO master_data.student (
    id,
    first_name,
    last_name,
    email_address,
    phone_number,
    user_id,
    direction_id,
    subdirection_id,
    external_id,
    year_of_study,
    semester,
    tech_comment,
    hr_comment,
    interviewer_id,
    created_date,
    created_by_user_id,
    updated_date,
    updated_by_user_id
) VALUES (
    '7ae5cb22-584f-4dfe-a6fb-ed9ddff04cd9',
    'Николай',
    'Заболоцкий',
    'n.zabolotskiy@example.com',
    '+79215000010',
    'a4b19b36-fe9f-442d-9143-c25e402e53b7',
    '5fa65cda-68fc-4fa4-b9a2-9819eb4329ec',
    '72709cec-049a-484b-aecb-724c924c0492',
    'Student_DEV_BE_10_external_id',
    '3',
    '6',
    'Tech comment text',
    'HR comment text',
    '514328c1-dd76-498d-b221-34fac9f0122a',
    '2019-04-01 08:00:00+03',
    'b9ed2a13-de38-4df0-b70a-92c9baf32494',
    '2019-04-01 08:00:00+03',
    'b9ed2a13-de38-4df0-b70a-92c9baf32494'
);

INSERT INTO master_data.student (
    id,
    first_name,
    last_name,
    email_address,
    phone_number,
    user_id,
    direction_id,
    subdirection_id,
    external_id,
    year_of_study,
    semester,
    tech_comment,
    hr_comment,
    interviewer_id,
    created_date,
    created_by_user_id,
    updated_date,
    updated_by_user_id
) VALUES (
    'e5b4c89c-74b7-48e3-ae0f-bfc307313cd7',
    'Алексей',
    'Кольцов',
    'a.koltsov@example.com',
    '+79215000101',
    '415be475-add7-4b6d-8962-6ef54cdfad0f',
    '5fa65cda-68fc-4fa4-b9a2-9819eb4329ec',
    '7c4cf7a4-726a-44be-9154-089cd788a806',
    'Student_DEV_FE_1_external_id',
    '3',
    '6',
    'Tech comment text',
    'HR comment text',
    'da02ca8d-6d6a-4b3b-91a1-cbfd09401d36',
    '2019-04-01 08:00:00+03',
    'b9ed2a13-de38-4df0-b70a-92c9baf32494',
    '2019-04-01 08:00:00+03',
    'b9ed2a13-de38-4df0-b70a-92c9baf32494'
);

INSERT INTO master_data.student (
    id,
    first_name,
    last_name,
    email_address,
    phone_number,
    user_id,
    direction_id,
    subdirection_id,
    external_id,
    year_of_study,
    semester,
    tech_comment,
    hr_comment,
    interviewer_id,
    created_date,
    created_by_user_id,
    updated_date,
    updated_by_user_id
) VALUES (
    'f28fd0a3-0ca1-428d-bbd6-382eb51887df',
    'Евгений',
    'Евтушенко',
    'e.evtushenko@example.com',
    '+79215000102',
    '61b01c9c-3901-42cf-8eb0-d7b132f523b5',
    '5fa65cda-68fc-4fa4-b9a2-9819eb4329ec',
    '7c4cf7a4-726a-44be-9154-089cd788a806',
    'Student_DEV_FE_2_external_id',
    '2',
    '4',
    'Tech comment text',
    'HR comment text',
    'da02ca8d-6d6a-4b3b-91a1-cbfd09401d36',
    '2019-04-01 08:00:00+03',
    'b9ed2a13-de38-4df0-b70a-92c9baf32494',
    '2019-04-01 08:00:00+03',
    'b9ed2a13-de38-4df0-b70a-92c9baf32494'
);

INSERT INTO master_data.student (
    id,
    first_name,
    last_name,
    email_address,
    phone_number,
    user_id,
    direction_id,
    subdirection_id,
    external_id,
    year_of_study,
    semester,
    tech_comment,
    hr_comment,
    interviewer_id,
    created_date,
    created_by_user_id,
    updated_date,
    updated_by_user_id
) VALUES (
    '13fcd929-49ef-4f4f-857b-b8bfbb38efc8',
    'Николай',
    'Клюев',
    'n.klyuev@example.com',
    '+79215000103',
    '83c6ffa1-d273-45b1-89e4-e04387628f50',
    '5fa65cda-68fc-4fa4-b9a2-9819eb4329ec',
    '7c4cf7a4-726a-44be-9154-089cd788a806',
    'Student_DEV_FE_3_external_id',
    '4',
    '8',
    'Tech comment text',
    'HR comment text',
    'da02ca8d-6d6a-4b3b-91a1-cbfd09401d36',
    '2019-04-01 08:00:00+03',
    'b9ed2a13-de38-4df0-b70a-92c9baf32494',
    '2019-04-01 08:00:00+03',
    'b9ed2a13-de38-4df0-b70a-92c9baf32494'
);

INSERT INTO master_data.student (
    id,
    first_name,
    last_name,
    email_address,
    phone_number,
    user_id,
    direction_id,
    subdirection_id,
    external_id,
    year_of_study,
    semester,
    tech_comment,
    hr_comment,
    interviewer_id,
    created_date,
    created_by_user_id,
    updated_date,
    updated_by_user_id
) VALUES (
    'f28d0a2a-172d-424c-b43d-b5c5fc70edbc',
    'Даниил',
    'Хармс',
    'd.kharms@example.com',
    '+79215000104',
    '5a61230c-ea61-49e4-9ce9-e5a8ba632f72',
    '5fa65cda-68fc-4fa4-b9a2-9819eb4329ec',
    '7c4cf7a4-726a-44be-9154-089cd788a806',
    'Student_DEV_FE_4_external_id',
    '5',
    '10',
    'Tech comment text',
    'HR comment text',
    'da02ca8d-6d6a-4b3b-91a1-cbfd09401d36',
    '2019-04-01 08:00:00+03',
    'b9ed2a13-de38-4df0-b70a-92c9baf32494',
    '2019-04-01 08:00:00+03',
    'b9ed2a13-de38-4df0-b70a-92c9baf32494'
);

INSERT INTO master_data.student (
    id,
    first_name,
    last_name,
    email_address,
    phone_number,
    user_id,
    direction_id,
    subdirection_id,
    external_id,
    year_of_study,
    semester,
    tech_comment,
    hr_comment,
    interviewer_id,
    created_date,
    created_by_user_id,
    updated_date,
    updated_by_user_id
) VALUES (
    '2e908a59-d19c-43a8-a375-d1782298e910',
    'Андрей',
    'Вознесенский',
    'a.voznesenskiy@example.com',
    '+79215000105',
    '67c73d97-7ea4-4896-9fe7-b355010b707c',
    '5fa65cda-68fc-4fa4-b9a2-9819eb4329ec',
    '7c4cf7a4-726a-44be-9154-089cd788a806',
    'Student_DEV_FE_5_external_id',
    '1',
    '2',
    'Tech comment text',
    'HR comment text',
    'da02ca8d-6d6a-4b3b-91a1-cbfd09401d36',
    '2019-04-01 08:00:00+03',
    'b9ed2a13-de38-4df0-b70a-92c9baf32494',
    '2019-04-01 08:00:00+03',
    'b9ed2a13-de38-4df0-b70a-92c9baf32494'
);

INSERT INTO master_data.student (
    id,
    first_name,
    last_name,
    email_address,
    phone_number,
    user_id,
    direction_id,
    subdirection_id,
    external_id,
    year_of_study,
    semester,
    tech_comment,
    hr_comment,
    interviewer_id,
    created_date,
    created_by_user_id,
    updated_date,
    updated_by_user_id
) VALUES (
    '62e21e5e-99b4-4d12-8338-38e01096a61a',
    'Александр',
    'Сумароков',
    'a.sumarokov@example.com',
    '+79215000106',
    '332bd6e3-9719-4527-b4f4-6f878c86caa7',
    '5fa65cda-68fc-4fa4-b9a2-9819eb4329ec',
    '7c4cf7a4-726a-44be-9154-089cd788a806',
    'Student_DEV_FE_6_external_id',
    '3',
    '6',
    'Tech comment text',
    'HR comment text',
    'da02ca8d-6d6a-4b3b-91a1-cbfd09401d36',
    '2019-04-01 08:00:00+03',
    'b9ed2a13-de38-4df0-b70a-92c9baf32494',
    '2019-04-01 08:00:00+03',
    'b9ed2a13-de38-4df0-b70a-92c9baf32494'
);

INSERT INTO master_data.student (
    id,
    first_name,
    last_name,
    email_address,
    phone_number,
    user_id,
    direction_id,
    subdirection_id,
    external_id,
    year_of_study,
    semester,
    tech_comment,
    hr_comment,
    interviewer_id,
    created_date,
    created_by_user_id,
    updated_date,
    updated_by_user_id
) VALUES (
    'c3f0de21-3934-4d5a-a1d7-f7a332a133e6',
    'Владимир',
    'Высоцкий',
    'v.vysotskiy@example.com',
    '+79215000107',
    'e0104bf3-f3d6-4044-8796-3cb92b65a3e2',
    '5fa65cda-68fc-4fa4-b9a2-9819eb4329ec',
    '7c4cf7a4-726a-44be-9154-089cd788a806',
    'Student_DEV_FE_7_external_id',
    '6',
    '12',
    'Tech comment text',
    'HR comment text',
    'da02ca8d-6d6a-4b3b-91a1-cbfd09401d36',
    '2019-04-01 08:00:00+03',
    'b9ed2a13-de38-4df0-b70a-92c9baf32494',
    '2019-04-01 08:00:00+03',
    'b9ed2a13-de38-4df0-b70a-92c9baf32494'
);

INSERT INTO master_data.student (
    id,
    first_name,
    last_name,
    email_address,
    phone_number,
    user_id,
    direction_id,
    subdirection_id,
    external_id,
    year_of_study,
    semester,
    tech_comment,
    hr_comment,
    interviewer_id,
    created_date,
    created_by_user_id,
    updated_date,
    updated_by_user_id
) VALUES (
    'e261ec12-7af8-43c8-92e5-8789ce5a1b29',
    'Василий',
    'Тредиаковский',
    'v.trediakovskiy@example.com',
    '+79215000108',
    'dcfa815b-8178-4e7c-887e-e651f69a12cb',
    '5fa65cda-68fc-4fa4-b9a2-9819eb4329ec',
    '7c4cf7a4-726a-44be-9154-089cd788a806',
    'Student_DEV_FE_8_external_id',
    '4',
    '8',
    'Tech comment text',
    'HR comment text',
    'da02ca8d-6d6a-4b3b-91a1-cbfd09401d36',
    '2019-04-01 08:00:00+03',
    'b9ed2a13-de38-4df0-b70a-92c9baf32494',
    '2019-04-01 08:00:00+03',
    'b9ed2a13-de38-4df0-b70a-92c9baf32494'
);

INSERT INTO master_data.student (
    id,
    first_name,
    last_name,
    email_address,
    phone_number,
    user_id,
    direction_id,
    subdirection_id,
    external_id,
    year_of_study,
    semester,
    tech_comment,
    hr_comment,
    interviewer_id,
    created_date,
    created_by_user_id,
    updated_date,
    updated_by_user_id
) VALUES (
    'c5069dec-7049-4644-9542-efaf5e1b9a55',
    'Сергей',
    'Городецкий',
    's.gorodetskiy@example.com',
    '+79215000109',
    '0e5c7bfc-3a61-47c1-ba2d-d7e5ea352846',
    '5fa65cda-68fc-4fa4-b9a2-9819eb4329ec',
    '7c4cf7a4-726a-44be-9154-089cd788a806',
    'Student_DEV_FE_9_external_id',
    '2',
    '4',
    'Tech comment text',
    'HR comment text',
    'da02ca8d-6d6a-4b3b-91a1-cbfd09401d36',
    '2019-04-01 08:00:00+03',
    'b9ed2a13-de38-4df0-b70a-92c9baf32494',
    '2019-04-01 08:00:00+03',
    'b9ed2a13-de38-4df0-b70a-92c9baf32494'
);

INSERT INTO master_data.student (
    id,
    first_name,
    last_name,
    email_address,
    phone_number,
    user_id,
    direction_id,
    subdirection_id,
    external_id,
    year_of_study,
    semester,
    tech_comment,
    hr_comment,
    interviewer_id,
    created_date,
    created_by_user_id,
    updated_date,
    updated_by_user_id
) VALUES (
    '7b60ac91-f553-4dc6-8582-4b178fc19c2f',
    'Кондратий',
    'Рылеев',
    'k.ryleev@example.com',
    '+79215000110',
    '811c6bc0-2105-48a8-8463-438f7beeb825',
    '5fa65cda-68fc-4fa4-b9a2-9819eb4329ec',
    '7c4cf7a4-726a-44be-9154-089cd788a806',
    'Student_DEV_FE_10_external_id',
    '4',
    '8',
    'Tech comment text',
    'HR comment text',
    'da02ca8d-6d6a-4b3b-91a1-cbfd09401d36',
    '2019-04-01 08:00:00+03',
    'b9ed2a13-de38-4df0-b70a-92c9baf32494',
    '2019-04-01 08:00:00+03',
    'b9ed2a13-de38-4df0-b70a-92c9baf32494'
);

INSERT INTO master_data.student (
    id,
    first_name,
    last_name,
    email_address,
    phone_number,
    user_id,
    direction_id,
    subdirection_id,
    external_id,
    year_of_study,
    semester,
    tech_comment,
    hr_comment,
    interviewer_id,
    created_date,
    created_by_user_id,
    updated_date,
    updated_by_user_id
) VALUES (
    '04b45c63-9870-4af4-897a-f3fe971dc6a5',
    'Самуил',
    'Маршак',
    's.marshak@example.com',
    '+79215000201',
    'b319cd24-6be0-4f42-b7f4-eb4078c6eb41',
    '5fa65cda-68fc-4fa4-b9a2-9819eb4329ec',
    'dabbaaed-9f1a-4943-921d-cce6727524d7',
    'Student_DEV_FS_1_external_id',
    '4',
    '8',
    'Tech comment text',
    'HR comment text',
    'cedb060c-51a2-484f-b6a1-7d454257d37d',
    '2019-04-01 08:00:00+03',
    'b9ed2a13-de38-4df0-b70a-92c9baf32494',
    '2019-04-01 08:00:00+03',
    'b9ed2a13-de38-4df0-b70a-92c9baf32494'
);

INSERT INTO master_data.student (
    id,
    first_name,
    last_name,
    email_address,
    phone_number,
    user_id,
    direction_id,
    subdirection_id,
    external_id,
    year_of_study,
    semester,
    tech_comment,
    hr_comment,
    interviewer_id,
    created_date,
    created_by_user_id,
    updated_date,
    updated_by_user_id
) VALUES (
    'b3f26555-4f5a-40b2-a9b7-bd5c205ca82d',
    'Алексей',
    'Толстой',
    'a.tolstoy@example.com',
    '+79215000202',
    '8973f84e-eb1b-4aa2-9212-c40f64384505',
    '5fa65cda-68fc-4fa4-b9a2-9819eb4329ec',
    'dabbaaed-9f1a-4943-921d-cce6727524d7',
    'Student_DEV_FS_2_external_id',
    '3',
    '6',
    'Tech comment text',
    'HR comment text',
    'cedb060c-51a2-484f-b6a1-7d454257d37d',
    '2019-04-01 08:00:00+03',
    'b9ed2a13-de38-4df0-b70a-92c9baf32494',
    '2019-04-01 08:00:00+03',
    'b9ed2a13-de38-4df0-b70a-92c9baf32494'
);

INSERT INTO master_data.student (
    id,
    first_name,
    last_name,
    email_address,
    phone_number,
    user_id,
    direction_id,
    subdirection_id,
    external_id,
    year_of_study,
    semester,
    tech_comment,
    hr_comment,
    interviewer_id,
    created_date,
    created_by_user_id,
    updated_date,
    updated_by_user_id
) VALUES (
    '0bbf5a84-fafb-4560-becd-a5e2f8b1b98a',
    'София',
    'Парнок',
    'a.parnok@example.com',
    '+79215000203',
    'f55fd071-226f-44db-9189-56342a8556d9',
    '5fa65cda-68fc-4fa4-b9a2-9819eb4329ec',
    'dabbaaed-9f1a-4943-921d-cce6727524d7',
    'Student_DEV_FS_3_external_id',
    '2',
    '4',
    'Tech comment text',
    'HR comment text',
    'cedb060c-51a2-484f-b6a1-7d454257d37d',
    '2019-04-01 08:00:00+03',
    'b9ed2a13-de38-4df0-b70a-92c9baf32494',
    '2019-04-01 08:00:00+03',
    'b9ed2a13-de38-4df0-b70a-92c9baf32494'
);

INSERT INTO master_data.student (
    id,
    first_name,
    last_name,
    email_address,
    phone_number,
    user_id,
    direction_id,
    subdirection_id,
    external_id,
    year_of_study,
    semester,
    tech_comment,
    hr_comment,
    interviewer_id,
    created_date,
    created_by_user_id,
    updated_date,
    updated_by_user_id
) VALUES (
    '4019a5cc-2309-4f7f-80a5-9798f4ead212',
    'Николай',
    'Огарёв',
    'n.ogaryov@example.com',
    '+79215000204',
    '611f2a20-164e-45ca-b9c2-ff1ea155a8ed',
    '5fa65cda-68fc-4fa4-b9a2-9819eb4329ec',
    'dabbaaed-9f1a-4943-921d-cce6727524d7',
    'Student_DEV_FS_4_external_id',
    '5',
    '10',
    'Tech comment text',
    'HR comment text',
    'cedb060c-51a2-484f-b6a1-7d454257d37d',
    '2019-04-01 08:00:00+03',
    'b9ed2a13-de38-4df0-b70a-92c9baf32494',
    '2019-04-01 08:00:00+03',
    'b9ed2a13-de38-4df0-b70a-92c9baf32494'
);

INSERT INTO master_data.student (
    id,
    first_name,
    last_name,
    email_address,
    phone_number,
    user_id,
    direction_id,
    subdirection_id,
    external_id,
    year_of_study,
    semester,
    tech_comment,
    hr_comment,
    interviewer_id,
    created_date,
    created_by_user_id,
    updated_date,
    updated_by_user_id
) VALUES (
    '4ae9939d-5ce1-4108-8796-1dc0b3158674',
    'Алексей',
    'Толстой',
    'al.tolstoy@example.com',
    '+79215000205',
    'c1b0baf9-8fa5-4212-bd10-bbb2d214d8dd',
    '5fa65cda-68fc-4fa4-b9a2-9819eb4329ec',
    'dabbaaed-9f1a-4943-921d-cce6727524d7',
    'Student_DEV_FS_5_external_id',
    '6',
    '12',
    'Tech comment text',
    'HR comment text',
    'cedb060c-51a2-484f-b6a1-7d454257d37d',
    '2019-04-01 08:00:00+03',
    'b9ed2a13-de38-4df0-b70a-92c9baf32494',
    '2019-04-01 08:00:00+03',
    'b9ed2a13-de38-4df0-b70a-92c9baf32494'
);

INSERT INTO master_data.student (
    id,
    first_name,
    last_name,
    email_address,
    phone_number,
    user_id,
    direction_id,
    subdirection_id,
    external_id,
    year_of_study,
    semester,
    tech_comment,
    hr_comment,
    interviewer_id,
    created_date,
    created_by_user_id,
    updated_date,
    updated_by_user_id
) VALUES (
    '50384380-8536-418d-a8dd-b485c1a02fa7',
    'Иван',
    'Дмитриев',
    'i.dmitriev@example.com',
    '+79215000206',
    '85431a0f-a053-4429-b8ee-f79cede4b14d',
    '5fa65cda-68fc-4fa4-b9a2-9819eb4329ec',
    'dabbaaed-9f1a-4943-921d-cce6727524d7',
    'Student_DEV_FS_6_external_id',
    '3',
    '6',
    'Tech comment text',
    'HR comment text',
    '3eb2f32e-d06d-45a9-880a-5745e8a54e92',
    '2019-04-01 08:00:00+03',
    'b9ed2a13-de38-4df0-b70a-92c9baf32494',
    '2019-04-01 08:00:00+03',
    'b9ed2a13-de38-4df0-b70a-92c9baf32494'
);

INSERT INTO master_data.student (
    id,
    first_name,
    last_name,
    email_address,
    phone_number,
    user_id,
    direction_id,
    subdirection_id,
    external_id,
    year_of_study,
    semester,
    tech_comment,
    hr_comment,
    interviewer_id,
    created_date,
    created_by_user_id,
    updated_date,
    updated_by_user_id
) VALUES (
    '4971f66d-b9d9-423c-b83d-b81d8d7ebcd0',
    'Римма',
    'Казакова',
    'r.kazakova@example.com',
    '+79215000207',
    '71998304-f559-4ce4-b9fb-fbcd56703a0d',
    '5fa65cda-68fc-4fa4-b9a2-9819eb4329ec',
    'dabbaaed-9f1a-4943-921d-cce6727524d7',
    'Student_DEV_FS_7_external_id',
    '2',
    '4',
    'Tech comment text',
    'HR comment text',
    '3eb2f32e-d06d-45a9-880a-5745e8a54e92',
    '2019-04-01 08:00:00+03',
    'b9ed2a13-de38-4df0-b70a-92c9baf32494',
    '2019-04-01 08:00:00+03',
    'b9ed2a13-de38-4df0-b70a-92c9baf32494'
);

INSERT INTO master_data.student (
    id,
    first_name,
    last_name,
    email_address,
    phone_number,
    user_id,
    direction_id,
    subdirection_id,
    external_id,
    year_of_study,
    semester,
    tech_comment,
    hr_comment,
    interviewer_id,
    created_date,
    created_by_user_id,
    updated_date,
    updated_by_user_id
) VALUES (
    '48972e86-b34b-4f38-8212-76966d9ecb87',
    'Дмитрий',
    'Кедрин',
    'd.kedrin@example.com',
    '+79215000208',
    '4b4e80ad-e8e9-49ef-a342-896ffb058a0e',
    '5fa65cda-68fc-4fa4-b9a2-9819eb4329ec',
    'dabbaaed-9f1a-4943-921d-cce6727524d7',
    'Student_DEV_FS_8_external_id',
    '4',
    '8',
    'Tech comment text',
    'HR comment text',
    '3eb2f32e-d06d-45a9-880a-5745e8a54e92',
    '2019-04-01 08:00:00+03',
    'b9ed2a13-de38-4df0-b70a-92c9baf32494',
    '2019-04-01 08:00:00+03',
    'b9ed2a13-de38-4df0-b70a-92c9baf32494'
);

INSERT INTO master_data.student (
    id,
    first_name,
    last_name,
    email_address,
    phone_number,
    user_id,
    direction_id,
    subdirection_id,
    external_id,
    year_of_study,
    semester,
    tech_comment,
    hr_comment,
    interviewer_id,
    created_date,
    created_by_user_id,
    updated_date,
    updated_by_user_id
) VALUES (
    '343c50c2-aacb-4fe0-8119-965ed22cd630',
    'Варлам',
    'Шаламов',
    'd.shalamov@example.com',
    '+79215000209',
    '90b4320b-8c8b-4204-ba7d-582d69d7309b',
    '5fa65cda-68fc-4fa4-b9a2-9819eb4329ec',
    'dabbaaed-9f1a-4943-921d-cce6727524d7',
    'Student_DEV_FS_9_external_id',
    '5',
    '10',
    'Tech comment text',
    'HR comment text',
    '3eb2f32e-d06d-45a9-880a-5745e8a54e92',
    '2019-04-01 08:00:00+03',
    'b9ed2a13-de38-4df0-b70a-92c9baf32494',
    '2019-04-01 08:00:00+03',
    'b9ed2a13-de38-4df0-b70a-92c9baf32494'
);

INSERT INTO master_data.student (
    id,
    first_name,
    last_name,
    email_address,
    phone_number,
    user_id,
    direction_id,
    subdirection_id,
    external_id,
    year_of_study,
    semester,
    tech_comment,
    hr_comment,
    interviewer_id,
    created_date,
    created_by_user_id,
    updated_date,
    updated_by_user_id
) VALUES (
    'ba64bc41-d626-4384-bbd5-482c335f5e27',
    'Михаил',
    'Исаковский',
    'm.isakovskiy@example.com',
    '+79215000210',
    '9ac52d52-7ff0-4402-b403-a7c907704bd2',
    '5fa65cda-68fc-4fa4-b9a2-9819eb4329ec',
    'dabbaaed-9f1a-4943-921d-cce6727524d7',
    'Student_DEV_FS_10_external_id',
    '6',
    '12',
    'Tech comment text',
    'HR comment text',
    '3eb2f32e-d06d-45a9-880a-5745e8a54e92',
    '2019-04-01 08:00:00+03',
    'b9ed2a13-de38-4df0-b70a-92c9baf32494',
    '2019-04-01 08:00:00+03',
    'b9ed2a13-de38-4df0-b70a-92c9baf32494'
);

INSERT INTO master_data.student (
    id,
    first_name,
    last_name,
    email_address,
    phone_number,
    user_id,
    direction_id,
    subdirection_id,
    external_id,
    year_of_study,
    semester,
    tech_comment,
    hr_comment,
    interviewer_id,
    created_date,
    created_by_user_id,
    updated_date,
    updated_by_user_id
) VALUES (
    '375a4b0d-c9a6-49f7-b524-aaa8da95c3ca',
    'Николай',
    'Глазков',
    'n.glazkov@example.com',
    '+79215000301',
    '6211d639-bc28-4c49-906e-17c83e1e57ed',
    'a52b7890-c5e4-4784-967b-f6a5d5e1d2bd',
    NULL,
    'Student_BA_1_external_id',
    '3',
    '6',
    'Tech comment text',
    'HR comment text',
    'fa46f0d3-ec09-40c8-8b2b-71934071eeeb',
    '2019-04-01 08:00:00+03',
    'b9ed2a13-de38-4df0-b70a-92c9baf32494',
    '2019-04-01 08:00:00+03',
    'b9ed2a13-de38-4df0-b70a-92c9baf32494'
);

INSERT INTO master_data.student (
    id,
    first_name,
    last_name,
    email_address,
    phone_number,
    user_id,
    direction_id,
    subdirection_id,
    external_id,
    year_of_study,
    semester,
    tech_comment,
    hr_comment,
    interviewer_id,
    created_date,
    created_by_user_id,
    updated_date,
    updated_by_user_id
) VALUES (
    '78520b75-16b0-44b9-a63f-51be79de9afd',
    'Владимир',
    'Раевский',
    'v.raevskiy@example.com',
    '+79215000302',
    'a0866cef-7af5-4a36-b630-608e5faf3bd4',
    'a52b7890-c5e4-4784-967b-f6a5d5e1d2bd',
    NULL,
    'Student_BA_2_external_id',
    '4',
    '8',
    'Tech comment text',
    'HR comment text',
    'fa46f0d3-ec09-40c8-8b2b-71934071eeeb',
    '2019-04-01 08:00:00+03',
    'b9ed2a13-de38-4df0-b70a-92c9baf32494',
    '2019-04-01 08:00:00+03',
    'b9ed2a13-de38-4df0-b70a-92c9baf32494'
);

INSERT INTO master_data.student (
    id,
    first_name,
    last_name,
    email_address,
    phone_number,
    user_id,
    direction_id,
    subdirection_id,
    external_id,
    year_of_study,
    semester,
    tech_comment,
    hr_comment,
    interviewer_id,
    created_date,
    created_by_user_id,
    updated_date,
    updated_by_user_id
) VALUES (
    '4e1046d1-f8e2-430d-a551-51da05e65213',
    'Владимир',
    'Раевский',
    'v.raevskiy@example.com',
    '+79215000303',
    'aa3c1e44-b1ff-4531-a02c-5699f5bd72af',
    'a52b7890-c5e4-4784-967b-f6a5d5e1d2bd',
    NULL,
    'Student_BA_3_external_id',
    '2',
    '4',
    'Tech comment text',
    'HR comment text',
    'fa46f0d3-ec09-40c8-8b2b-71934071eeeb',
    '2019-04-01 08:00:00+03',
    'b9ed2a13-de38-4df0-b70a-92c9baf32494',
    '2019-04-01 08:00:00+03',
    'b9ed2a13-de38-4df0-b70a-92c9baf32494'
);

INSERT INTO master_data.student (
    id,
    first_name,
    last_name,
    email_address,
    phone_number,
    user_id,
    direction_id,
    subdirection_id,
    external_id,
    year_of_study,
    semester,
    tech_comment,
    hr_comment,
    interviewer_id,
    created_date,
    created_by_user_id,
    updated_date,
    updated_by_user_id
) VALUES (
    '79dfc349-9a1c-4113-9029-5a1a57e3e945',
    'Николай',
    'Олейников',
    'n.oleynikov@example.com',
    '+79215000304',
    'd81f0d40-a39e-4387-a498-5a4f37e8ebb1',
    'a52b7890-c5e4-4784-967b-f6a5d5e1d2bd',
    NULL,
    'Student_BA_4_external_id',
    '5',
    '10',
    'Tech comment text',
    'HR comment text',
    'fa46f0d3-ec09-40c8-8b2b-71934071eeeb',
    '2019-04-01 08:00:00+03',
    'b9ed2a13-de38-4df0-b70a-92c9baf32494',
    '2019-04-01 08:00:00+03',
    'b9ed2a13-de38-4df0-b70a-92c9baf32494'
);


INSERT INTO master_data.student (
    id,
    first_name,
    last_name,
    email_address,
    phone_number,
    user_id,
    direction_id,
    subdirection_id,
    external_id,
    year_of_study,
    semester,
    tech_comment,
    hr_comment,
    interviewer_id,
    created_date,
    created_by_user_id,
    updated_date,
    updated_by_user_id
) VALUES (
    '59410d1a-ca04-4a8e-b6da-88d42f1084b7',
    'Афанасий',
    'Фет',
    'a.fet@example.com',
    '+79215000305',
    '610651db-c1a9-4ab1-8737-ba9e96969bd1',
    'a52b7890-c5e4-4784-967b-f6a5d5e1d2bd',
    NULL,
    'Student_BA_5_external_id',
    '2',
    '4',
    'Tech comment text',
    'HR comment text',
    'fa46f0d3-ec09-40c8-8b2b-71934071eeeb',
    '2019-04-01 08:00:00+03',
    'b9ed2a13-de38-4df0-b70a-92c9baf32494',
    '2019-04-01 08:00:00+03',
    'b9ed2a13-de38-4df0-b70a-92c9baf32494'
);

INSERT INTO master_data.student (
    id,
    first_name,
    last_name,
    email_address,
    phone_number,
    user_id,
    direction_id,
    subdirection_id,
    external_id,
    year_of_study,
    semester,
    tech_comment,
    hr_comment,
    interviewer_id,
    created_date,
    created_by_user_id,
    updated_date,
    updated_by_user_id
) VALUES (
    '39ce94bc-ae1d-4760-bdb8-e0d555273e61',
    'Ираклий',
    'Андроников',
    'i.andronikov@example.com',
    '+79215000306',
    '444464a4-657d-41ab-a65e-c5f95b40b55d',
    'a52b7890-c5e4-4784-967b-f6a5d5e1d2bd',
    NULL,
    'Student_BA_6_external_id',
    '3',
    '6',
    'Tech comment text',
    'HR comment text',
    'b32ea1ba-cb29-4e3c-b640-4a1c8bf0b4d7',
    '2019-04-01 08:00:00+03',
    'b9ed2a13-de38-4df0-b70a-92c9baf32494',
    '2019-04-01 08:00:00+03',
    'b9ed2a13-de38-4df0-b70a-92c9baf32494'
);

INSERT INTO master_data.student (
    id,
    first_name,
    last_name,
    email_address,
    phone_number,
    user_id,
    direction_id,
    subdirection_id,
    external_id,
    year_of_study,
    semester,
    tech_comment,
    hr_comment,
    interviewer_id,
    created_date,
    created_by_user_id,
    updated_date,
    updated_by_user_id
) VALUES (
    '570f70af-77fc-46a4-a6ad-be9c4488c325',
    'Владимир',
    'Арсеньев',
    'v.arsenev@example.com',
    '+79215000307',
    '31281e56-7289-449c-9565-e8757d043dec',
    'a52b7890-c5e4-4784-967b-f6a5d5e1d2bd',
    NULL,
    'Student_BA_7_external_id',
    '4',
    '8',
    'Tech comment text',
    'HR comment text',
    'b32ea1ba-cb29-4e3c-b640-4a1c8bf0b4d7',
    '2019-04-01 08:00:00+03',
    'b9ed2a13-de38-4df0-b70a-92c9baf32494',
    '2019-04-01 08:00:00+03',
    'b9ed2a13-de38-4df0-b70a-92c9baf32494'
);

INSERT INTO master_data.student (
    id,
    first_name,
    last_name,
    email_address,
    phone_number,
    user_id,
    direction_id,
    subdirection_id,
    external_id,
    year_of_study,
    semester,
    tech_comment,
    hr_comment,
    interviewer_id,
    created_date,
    created_by_user_id,
    updated_date,
    updated_by_user_id
) VALUES (
    'be601fbf-cc06-4fcc-a9e5-e10fdb126351',
    'Николай',
    'Асеев',
    'n.aseev@example.com',
    '+79215000308',
    'df294863-7ad5-446a-a3fa-3a06220a4ea5',
    'a52b7890-c5e4-4784-967b-f6a5d5e1d2bd',
    NULL,
    'Student_BA_8_external_id',
    '2',
    '4',
    'Tech comment text',
    'HR comment text',
    'b32ea1ba-cb29-4e3c-b640-4a1c8bf0b4d7',
    '2019-04-01 08:00:00+03',
    'b9ed2a13-de38-4df0-b70a-92c9baf32494',
    '2019-04-01 08:00:00+03',
    'b9ed2a13-de38-4df0-b70a-92c9baf32494'
);

INSERT INTO master_data.student (
    id,
    first_name,
    last_name,
    email_address,
    phone_number,
    user_id,
    direction_id,
    subdirection_id,
    external_id,
    year_of_study,
    semester,
    tech_comment,
    hr_comment,
    interviewer_id,
    created_date,
    created_by_user_id,
    updated_date,
    updated_by_user_id
) VALUES (
    '24f442e5-6b2e-4fd6-84ed-2f021de80327',
    'Белла',
    'Ахмадулина',
    'b.akhmadulina@example.com',
    '+79215000309',
    '083b4c33-5925-4827-a78a-84c4830416e4',
    'a52b7890-c5e4-4784-967b-f6a5d5e1d2bd',
    NULL,
    'Student_BA_9_external_id',
    '5',
    '10',
    'Tech comment text',
    'HR comment text',
    'b32ea1ba-cb29-4e3c-b640-4a1c8bf0b4d7',
    '2019-04-01 08:00:00+03',
    'b9ed2a13-de38-4df0-b70a-92c9baf32494',
    '2019-04-01 08:00:00+03',
    'b9ed2a13-de38-4df0-b70a-92c9baf32494'
);

INSERT INTO master_data.student (
    id,
    first_name,
    last_name,
    email_address,
    phone_number,
    user_id,
    direction_id,
    subdirection_id,
    external_id,
    year_of_study,
    semester,
    tech_comment,
    hr_comment,
    interviewer_id,
    created_date,
    created_by_user_id,
    updated_date,
    updated_by_user_id
) VALUES (
    '3965cfac-905a-4b5c-8221-4a4ebfa70200',
    'Александр',
    'Беляев',
    'a.belyaev@example.com',
    '+79215000310',
    '73ac7085-0847-44c5-9b7b-6c9d04ca7201',
    'a52b7890-c5e4-4784-967b-f6a5d5e1d2bd',
    NULL,
    'Student_BA_10_external_id',
    '6',
    '12',
    'Tech comment text',
    'HR comment text',
    'b32ea1ba-cb29-4e3c-b640-4a1c8bf0b4d7',
    '2019-04-01 08:00:00+03',
    'b9ed2a13-de38-4df0-b70a-92c9baf32494',
    '2019-04-01 08:00:00+03',
    'b9ed2a13-de38-4df0-b70a-92c9baf32494'
);

INSERT INTO master_data.student (
    id,
    first_name,
    last_name,
    email_address,
    phone_number,
    user_id,
    direction_id,
    subdirection_id,
    external_id,
    year_of_study,
    semester,
    tech_comment,
    hr_comment,
    interviewer_id,
    created_date,
    created_by_user_id,
    updated_date,
    updated_by_user_id
) VALUES (
    'ff6a30c6-5056-4258-aa33-d7fed4d88d5e',
    'Александр',
    'Блок',
    'a.blok@example.com',
    '+79215000401',
    'd7a3149f-5025-481c-bfcc-6c61b39b1a3a',
    '8437a907-dd9d-4fff-8492-55083bddb221',
    NULL,
    'Student_QA_1_external_id',
    '3',
    '6',
    'Tech comment text',
    'HR comment text',
    'be8ddc66-58b6-409e-ae35-fc1d80a456b4',
    '2019-04-01 08:00:00+03',
    'b9ed2a13-de38-4df0-b70a-92c9baf32494',
    '2019-04-01 08:00:00+03',
    'b9ed2a13-de38-4df0-b70a-92c9baf32494'
);

INSERT INTO master_data.student (
    id,
    first_name,
    last_name,
    email_address,
    phone_number,
    user_id,
    direction_id,
    subdirection_id,
    external_id,
    year_of_study,
    semester,
    tech_comment,
    hr_comment,
    interviewer_id,
    created_date,
    created_by_user_id,
    updated_date,
    updated_by_user_id
) VALUES (
    '8f159574-5d8a-4593-99b5-e6a440e9d006',
    'Эмиль',
    'Брагинский',
    'e.braginskii@example.com',
    '+79215000402',
    '9fdd47ef-2d1f-4558-a512-15fbc02c1d7b',
    '8437a907-dd9d-4fff-8492-55083bddb221',
    NULL,
    'Student_QA_2_external_id',
    '4',
    '8',
    'Tech comment text',
    'HR comment text',
    'be8ddc66-58b6-409e-ae35-fc1d80a456b4',
    '2019-04-01 08:00:00+03',
    'b9ed2a13-de38-4df0-b70a-92c9baf32494',
    '2019-04-01 08:00:00+03',
    'b9ed2a13-de38-4df0-b70a-92c9baf32494'
);

INSERT INTO master_data.student (
    id,
    first_name,
    last_name,
    email_address,
    phone_number,
    user_id,
    direction_id,
    subdirection_id,
    external_id,
    year_of_study,
    semester,
    tech_comment,
    hr_comment,
    interviewer_id,
    created_date,
    created_by_user_id,
    updated_date,
    updated_by_user_id
) VALUES (
    'de59ed31-4a79-46b0-9812-4f6bed16ddfa',
    'Иосиф',
    'Бродский',
    'i.brodskii@example.com',
    '+79215000403',
    '581e546d-5d05-47bb-b8da-44325c4f16af',
    '8437a907-dd9d-4fff-8492-55083bddb221',
    NULL,
    'Student_QA_3_external_id',
    '2',
    '4',
    'Tech comment text',
    'HR comment text',
    'be8ddc66-58b6-409e-ae35-fc1d80a456b4',
    '2019-04-01 08:00:00+03',
    'b9ed2a13-de38-4df0-b70a-92c9baf32494',
    '2019-04-01 08:00:00+03',
    'b9ed2a13-de38-4df0-b70a-92c9baf32494'
);

INSERT INTO master_data.student (
    id,
    first_name,
    last_name,
    email_address,
    phone_number,
    user_id,
    direction_id,
    subdirection_id,
    external_id,
    year_of_study,
    semester,
    tech_comment,
    hr_comment,
    interviewer_id,
    created_date,
    created_by_user_id,
    updated_date,
    updated_by_user_id
) VALUES (
    '64423835-51c3-479a-be88-80401e048dbd',
    'Михаил',
    'Булгаков',
    'm.bulgakov@example.com',
    '+79215000404',
    '82778d6c-f5d0-4b9a-9a3b-dd8d32f92473',
    '8437a907-dd9d-4fff-8492-55083bddb221',
    NULL,
    'Student_QA_4_external_id',
    '5',
    '10',
    'Tech comment text',
    'HR comment text',
    'be8ddc66-58b6-409e-ae35-fc1d80a456b4',
    '2019-04-01 08:00:00+03',
    'b9ed2a13-de38-4df0-b70a-92c9baf32494',
    '2019-04-01 08:00:00+03',
    'b9ed2a13-de38-4df0-b70a-92c9baf32494'
);

INSERT INTO master_data.student (
    id,
    first_name,
    last_name,
    email_address,
    phone_number,
    user_id,
    direction_id,
    subdirection_id,
    external_id,
    year_of_study,
    semester,
    tech_comment,
    hr_comment,
    interviewer_id,
    created_date,
    created_by_user_id,
    updated_date,
    updated_by_user_id
) VALUES (
    '0e2f91e7-658f-4e5b-9829-07c911b554d3',
    'Максимилиан',
    'Волошин',
    'm.voloshin@example.com',
    '+79215000405',
    'ab7e36f5-a90e-402c-becc-9e932dd0e471',
    '8437a907-dd9d-4fff-8492-55083bddb221',
    NULL,
    'Student_QA_5_external_id',
    '4',
    '8',
    'Tech comment text',
    'HR comment text',
    'be8ddc66-58b6-409e-ae35-fc1d80a456b4',
    '2019-04-01 08:00:00+03',
    'b9ed2a13-de38-4df0-b70a-92c9baf32494',
    '2019-04-01 08:00:00+03',
    'b9ed2a13-de38-4df0-b70a-92c9baf32494'
);

INSERT INTO master_data.student (
    id,
    first_name,
    last_name,
    email_address,
    phone_number,
    user_id,
    direction_id,
    subdirection_id,
    external_id,
    year_of_study,
    semester,
    tech_comment,
    hr_comment,
    interviewer_id,
    created_date,
    created_by_user_id,
    updated_date,
    updated_by_user_id
) VALUES (
    'ac77d695-87f7-4b03-98c3-678b1dce650e',
    'Александр',
    'Галич',
    'a.galich@example.com',
    '+79215000406',
    '69ab9d99-b771-454a-9546-b0b94c03853f',
    '8437a907-dd9d-4fff-8492-55083bddb221',
    NULL,
    'Student_QA_6_external_id',
    '3',
    '6',
    'Tech comment text',
    'HR comment text',
    '2aceddaf-9411-4aaa-a38a-df8c2804c793',
    '2019-04-01 08:00:00+03',
    'b9ed2a13-de38-4df0-b70a-92c9baf32494',
    '2019-04-01 08:00:00+03',
    'b9ed2a13-de38-4df0-b70a-92c9baf32494'
);

INSERT INTO master_data.student (
    id,
    first_name,
    last_name,
    email_address,
    phone_number,
    user_id,
    direction_id,
    subdirection_id,
    external_id,
    year_of_study,
    semester,
    tech_comment,
    hr_comment,
    interviewer_id,
    created_date,
    created_by_user_id,
    updated_date,
    updated_by_user_id
) VALUES (
    '9a5e4845-bcf1-41e7-a7a5-7852975796a2',
    'Николай',
    'Гоголь',
    'n.gogol@example.com',
    '+79215000407',
    '3308b3fd-e70b-4d14-a25a-e47718934fac',
    '8437a907-dd9d-4fff-8492-55083bddb221',
    NULL,
    'Student_QA_7_external_id',
    '4',
    '8',
    'Tech comment text',
    'HR comment text',
    '2aceddaf-9411-4aaa-a38a-df8c2804c793',
    '2019-04-01 08:00:00+03',
    'b9ed2a13-de38-4df0-b70a-92c9baf32494',
    '2019-04-01 08:00:00+03',
    'b9ed2a13-de38-4df0-b70a-92c9baf32494'
);

INSERT INTO master_data.student (
    id,
    first_name,
    last_name,
    email_address,
    phone_number,
    user_id,
    direction_id,
    subdirection_id,
    external_id,
    year_of_study,
    semester,
    tech_comment,
    hr_comment,
    interviewer_id,
    created_date,
    created_by_user_id,
    updated_date,
    updated_by_user_id
) VALUES (
    '9abef949-baa1-4aba-98ea-6e573435fd01',
    'Александр',
    'Грибоедов',
    'a.griboedov@example.com',
    '+79215000408',
    'd409f674-5f46-41db-a871-f66d2e4c9cfb',
    '8437a907-dd9d-4fff-8492-55083bddb221',
    NULL,
    'Student_QA_8_external_id',
    '4',
    '8',
    'Tech comment text',
    'HR comment text',
    '2aceddaf-9411-4aaa-a38a-df8c2804c793',
    '2019-04-01 08:00:00+03',
    'b9ed2a13-de38-4df0-b70a-92c9baf32494',
    '2019-04-01 08:00:00+03',
    'b9ed2a13-de38-4df0-b70a-92c9baf32494'
);

INSERT INTO master_data.student (
    id,
    first_name,
    last_name,
    email_address,
    phone_number,
    user_id,
    direction_id,
    subdirection_id,
    external_id,
    year_of_study,
    semester,
    tech_comment,
    hr_comment,
    interviewer_id,
    created_date,
    created_by_user_id,
    updated_date,
    updated_by_user_id
) VALUES (
    '73fdd2fb-6e19-4280-a092-0adcc5f58d29',
    'Денис',
    'Давыдов',
    'd.davydov@example.com',
    '+79215000409',
    '727bb5fe-4cdf-4a28-82ac-385ec16eef32',
    '8437a907-dd9d-4fff-8492-55083bddb221',
    NULL,
    'Student_QA_9_external_id',
    '2',
    '4',
    'Tech comment text',
    'HR comment text',
    '2aceddaf-9411-4aaa-a38a-df8c2804c793',
    '2019-04-01 08:00:00+03',
    'b9ed2a13-de38-4df0-b70a-92c9baf32494',
    '2019-04-01 08:00:00+03',
    'b9ed2a13-de38-4df0-b70a-92c9baf32494'
);

INSERT INTO master_data.student (
    id,
    first_name,
    last_name,
    email_address,
    phone_number,
    user_id,
    direction_id,
    subdirection_id,
    external_id,
    year_of_study,
    semester,
    tech_comment,
    hr_comment,
    interviewer_id,
    created_date,
    created_by_user_id,
    updated_date,
    updated_by_user_id
) VALUES (
    '432ee249-6996-4004-b186-241d05b771c8',
    'Владимир',
    'Даль',
    'v.dal@example.com',
    '+79215000410',
    '93c241bb-565d-43cb-a63e-b67f8d3af298',
    '8437a907-dd9d-4fff-8492-55083bddb221',
    NULL,
    'Student_QA_10_external_id',
    '5',
    '10',
    'Tech comment text',
    'HR comment text',
    '2aceddaf-9411-4aaa-a38a-df8c2804c793',
    '2019-04-01 08:00:00+03',
    'b9ed2a13-de38-4df0-b70a-92c9baf32494',
    '2019-04-01 08:00:00+03',
    'b9ed2a13-de38-4df0-b70a-92c9baf32494'
);

-- END STUDENTS